[{"model": "one.course", "pk": 1, "fields": {"name": "Calculus I (Biology and Social Sciences)", "prof": "C. Sogge", "code": "AS.110.106"}}, {"model": "one.course", "pk": 2, "fields": {"name": "Calculus II (For Biological and Social Science)", "prof": "C. Mese", "code": "AS.110.107"}}, {"model": "one.course", "pk": 3, "fields": {"name": "Calculus I (For Physical Sciences and Engineering)", "prof": "J. Spruck", "code": "AS.110.108"}}, {"model": "one.course", "pk": 4, "fields": {"name": "Calculus II (For Physical Sciences and Engineering)", "prof": "V. Zakharevich", "code": "AS.110.109"}}, {"model": "one.course", "pk": 5, "fields": {"name": "Calculus III", "prof": "R. Brown", "code": "AS.110.202"}}, {"model": "one.course", "pk": 6, "fields": {"name": "Linear Algebra", "prof": "J. Han", "code": "AS.110.201"}}, {"model": "one.course", "pk": 7, "fields": {"name": "Differential Equations and Applications", "prof": "TBA", "code": "AS.110.302"}}, {"model": "one.course", "pk": 8, "fields": {"name": "Introductory Chemistry I", "prof": "J. Tolman", "code": "AS.030.101 (01)"}}, {"model": "one.course", "pk": 9, "fields": {"name": "Introductory Chemistry I", "prof": "S. Thyagarajan", "code": "AS.030.101 (02)"}}, {"model": "one.course", "pk": 10, "fields": {"name": "Organic Chemistry I", "prof": "C. Falzone", "code": "AS.030.205"}}, {"model": "one.course", "pk": 11, "fields": {"name": "Organic Chemistry I", "prof": "C. Townsend", "code": "AS.030.205"}}, {"model": "one.course", "pk": 12, "fields": {"name": "Organic Chemistry I", "prof": "M. Greenberg", "code": "AS.030.205"}}, {"model": "one.course", "pk": 13, "fields": {"name": "Physics I (For Physical Sciences and Engineering)", "prof": "M. Swartz", "code": "AS.171.101"}}, {"model": "one.course", "pk": 14, "fields": {"name": "Physics I (For Physical Sciences and Engineering) Active Learning (AL)", "prof": "R. Wyse", "code": "AS.171.107"}}, {"model": "one.course", "pk": 15, "fields": {"name": "Physics I (For Physical Sciences and Engineering) Active Learning (AL)", "prof": "R. Leheny", "code": "AS.171.107"}}, {"model": "one.course", "pk": 16, "fields": {"name": "Physics II (For Physical Sciences and Engineering)", "prof": "P. Maksimovic", "code": "AS.171.102"}}, {"model": "one.course", "pk": 17, "fields": {"name": "Physics I (Biology and Social Sciences)", "prof": "T. Marriage", "code": "AS.171.103"}}, {"model": "one.course", "pk": 18, "fields": {"name": "Gateway Computing: JAVA", "prof": "S. More", "code": "EN.500.112"}}, {"model": "one.course", "pk": 19, "fields": {"name": "Gateway Computing: JAVA", "prof": "I. Sekyonda", "code": "EN.500.112"}}, {"model": "one.course", "pk": 20, "fields": {"name": "Gateway Computing: JAVA", "prof": "TBA", "code": "EN.500.112"}}, {"model": "one.course", "pk": 21, "fields": {"name": "Discrete Math", "prof": "B. Castello", "code": "EN.553.171"}}, {"model": "one.course", "pk": 22, "fields": {"name": "Statistical Analysis I", "prof": "A. Athreya", "code": "EN.553.111"}}, {"model": "one.course", "pk": 23, "fields": {"name": "Spanish Elements II", "prof": "M. Tracy", "code": "AS.210.112"}}, {"model": "one.course", "pk": 24, "fields": {"name": "Fundamentals of Epidemiology", "prof": "H. Mckay", "code": "AS.280.350"}}, {"model": "one.course", "pk": 25, "fields": {"name": "Fundamentals of Epidemiology", "prof": "M. Schneider", "code": "AS.280.350"}}, {"model": "one.course", "pk": 26, "fields": {"name": "Public Health Biostatistics", "prof": "M.Taub", "code": "AS.280.345"}}, {"model": "one.course", "pk": 27, "fields": {"name": "Public Health Biostatistics", "prof": "L. Jager", "code": "AS.280.345"}}, {"model": "one.course", "pk": 28, "fields": {"name": "Elements of Macroeconomics", "prof": "R. Barbera", "code": "AS.180.101"}}, {"model": "one.course", "pk": 29, "fields": {"name": "Learning how to code", "prof": "Mia", "code": "60.1.123"}}, {"model": "one.course", "pk": 30, "fields": {"name": "NEWWW class", "prof": "prof", "code": "501"}}, {"model": "one.meeting", "pk": 1, "fields": {"course": 1, "start_time": "5:00 PM", "end_time": "7:00 PM", "day": "Thursday", "max": 20, "enrollment": 0, "waitlist": [], "students": [1, 2]}}, {"model": "one.meeting", "pk": 2, "fields": {"course": 1, "start_time": "2:00 PM", "end_time": "3:00 PM", "day": "Monday", "max": 20, "enrollment": 0, "waitlist": [], "students": []}}, {"model": "one.meeting", "pk": 3, "fields": {"course": 2, "start_time": "2:00 PM", "end_time": "3:00 PM", "day": "Wednesday", "max": 0, "enrollment": 0, "waitlist": [1], "students": []}}, {"model": "one.meeting", "pk": 4, "fields": {"course": 13, "start_time": "2:00 PM", "end_time": "3:00 PM", "day": "Wednesday", "max": 15, "enrollment": 0, "waitlist": [], "students": []}}, {"model": "one.meeting", "pk": 5, "fields": {"course": 13, "start_time": "5:00 PM", "end_time": "7:00 PM", "day": "Friday", "max": 15, "enrollment": 0, "waitlist": [], "students": []}}, {"model": "one.meeting", "pk": 6, "fields": {"course": 29, "start_time": "5:00", "end_time": "6:00", "day": "Tuesday", "max": 9, "enrollment": 0, "waitlist": [], "students": []}}, {"model": "one.meeting", "pk": 7, "fields": {"course": 30, "start_time": "5:00", "end_time": "6:00", "day": "Thursday", "max": 15, "enrollment": 0, "waitlist": [], "students": []}}, {"model": "one.activatesite", "pk": 1, "fields": {"activate": true}}, {"model": "auth.permission", "pk": 1, "fields": {"name": "Can add course", "content_type": 1, "codename": "add_course"}}, {"model": "auth.permission", "pk": 2, "fields": {"name": "Can change course", "content_type": 1, "codename": "change_course"}}, {"model": "auth.permission", "pk": 3, "fields": {"name": "Can delete course", "content_type": 1, "codename": "delete_course"}}, {"model": "auth.permission", "pk": 4, "fields": {"name": "Can view course", "content_type": 1, "codename": "view_course"}}, {"model": "auth.permission", "pk": 5, "fields": {"name": "Can add meeting", "content_type": 2, "codename": "add_meeting"}}, {"model": "auth.permission", "pk": 6, "fields": {"name": "Can change meeting", "content_type": 2, "codename": "change_meeting"}}, {"model": "auth.permission", "pk": 7, "fields": {"name": "Can delete meeting", "content_type": 2, "codename": "delete_meeting"}}, {"model": "auth.permission", "pk": 8, "fields": {"name": "Can view meeting", "content_type": 2, "codename": "view_meeting"}}, {"model": "auth.permission", "pk": 9, "fields": {"name": "Can add student user", "content_type": 3, "codename": "add_studentuser"}}, {"model": "auth.permission", "pk": 10, "fields": {"name": "Can change student user", "content_type": 3, "codename": "change_studentuser"}}, {"model": "auth.permission", "pk": 11, "fields": {"name": "Can delete student user", "content_type": 3, "codename": "delete_studentuser"}}, {"model": "auth.permission", "pk": 12, "fields": {"name": "Can view student user", "content_type": 3, "codename": "view_studentuser"}}, {"model": "auth.permission", "pk": 13, "fields": {"name": "Can add log entry", "content_type": 4, "codename": "add_logentry"}}, {"model": "auth.permission", "pk": 14, "fields": {"name": "Can change log entry", "content_type": 4, "codename": "change_logentry"}}, {"model": "auth.permission", "pk": 15, "fields": {"name": "Can delete log entry", "content_type": 4, "codename": "delete_logentry"}}, {"model": "auth.permission", "pk": 16, "fields": {"name": "Can view log entry", "content_type": 4, "codename": "view_logentry"}}, {"model": "auth.permission", "pk": 17, "fields": {"name": "Can add permission", "content_type": 5, "codename": "add_permission"}}, {"model": "auth.permission", "pk": 18, "fields": {"name": "Can change permission", "content_type": 5, "codename": "change_permission"}}, {"model": "auth.permission", "pk": 19, "fields": {"name": "Can delete permission", "content_type": 5, "codename": "delete_permission"}}, {"model": "auth.permission", "pk": 20, "fields": {"name": "Can view permission", "content_type": 5, "codename": "view_permission"}}, {"model": "auth.permission", "pk": 21, "fields": {"name": "Can add group", "content_type": 6, "codename": "add_group"}}, {"model": "auth.permission", "pk": 22, "fields": {"name": "Can change group", "content_type": 6, "codename": "change_group"}}, {"model": "auth.permission", "pk": 23, "fields": {"name": "Can delete group", "content_type": 6, "codename": "delete_group"}}, {"model": "auth.permission", "pk": 24, "fields": {"name": "Can view group", "content_type": 6, "codename": "view_group"}}, {"model": "auth.permission", "pk": 25, "fields": {"name": "Can add user", "content_type": 7, "codename": "add_user"}}, {"model": "auth.permission", "pk": 26, "fields": {"name": "Can change user", "content_type": 7, "codename": "change_user"}}, {"model": "auth.permission", "pk": 27, "fields": {"name": "Can delete user", "content_type": 7, "codename": "delete_user"}}, {"model": "auth.permission", "pk": 28, "fields": {"name": "Can view user", "content_type": 7, "codename": "view_user"}}, {"model": "auth.permission", "pk": 29, "fields": {"name": "Can add content type", "content_type": 8, "codename": "add_contenttype"}}, {"model": "auth.permission", "pk": 30, "fields": {"name": "Can change content type", "content_type": 8, "codename": "change_contenttype"}}, {"model": "auth.permission", "pk": 31, "fields": {"name": "Can delete content type", "content_type": 8, "codename": "delete_contenttype"}}, {"model": "auth.permission", "pk": 32, "fields": {"name": "Can view content type", "content_type": 8, "codename": "view_contenttype"}}, {"model": "auth.permission", "pk": 33, "fields": {"name": "Can add session", "content_type": 9, "codename": "add_session"}}, {"model": "auth.permission", "pk": 34, "fields": {"name": "Can change session", "content_type": 9, "codename": "change_session"}}, {"model": "auth.permission", "pk": 35, "fields": {"name": "Can delete session", "content_type": 9, "codename": "delete_session"}}, {"model": "auth.permission", "pk": 36, "fields": {"name": "Can view session", "content_type": 9, "codename": "view_session"}}, {"model": "auth.permission", "pk": 37, "fields": {"name": "Can add association", "content_type": 10, "codename": "add_association"}}, {"model": "auth.permission", "pk": 38, "fields": {"name": "Can change association", "content_type": 10, "codename": "change_association"}}, {"model": "auth.permission", "pk": 39, "fields": {"name": "Can delete association", "content_type": 10, "codename": "delete_association"}}, {"model": "auth.permission", "pk": 40, "fields": {"name": "Can view association", "content_type": 10, "codename": "view_association"}}, {"model": "auth.permission", "pk": 41, "fields": {"name": "Can add code", "content_type": 11, "codename": "add_code"}}, {"model": "auth.permission", "pk": 42, "fields": {"name": "Can change code", "content_type": 11, "codename": "change_code"}}, {"model": "auth.permission", "pk": 43, "fields": {"name": "Can delete code", "content_type": 11, "codename": "delete_code"}}, {"model": "auth.permission", "pk": 44, "fields": {"name": "Can view code", "content_type": 11, "codename": "view_code"}}, {"model": "auth.permission", "pk": 45, "fields": {"name": "Can add nonce", "content_type": 12, "codename": "add_nonce"}}, {"model": "auth.permission", "pk": 46, "fields": {"name": "Can change nonce", "content_type": 12, "codename": "change_nonce"}}, {"model": "auth.permission", "pk": 47, "fields": {"name": "Can delete nonce", "content_type": 12, "codename": "delete_nonce"}}, {"model": "auth.permission", "pk": 48, "fields": {"name": "Can view nonce", "content_type": 12, "codename": "view_nonce"}}, {"model": "auth.permission", "pk": 49, "fields": {"name": "Can add user social auth", "content_type": 13, "codename": "add_usersocialauth"}}, {"model": "auth.permission", "pk": 50, "fields": {"name": "Can change user social auth", "content_type": 13, "codename": "change_usersocialauth"}}, {"model": "auth.permission", "pk": 51, "fields": {"name": "Can delete user social auth", "content_type": 13, "codename": "delete_usersocialauth"}}, {"model": "auth.permission", "pk": 52, "fields": {"name": "Can view user social auth", "content_type": 13, "codename": "view_usersocialauth"}}, {"model": "auth.permission", "pk": 53, "fields": {"name": "Can add partial", "content_type": 14, "codename": "add_partial"}}, {"model": "auth.permission", "pk": 54, "fields": {"name": "Can change partial", "content_type": 14, "codename": "change_partial"}}, {"model": "auth.permission", "pk": 55, "fields": {"name": "Can delete partial", "content_type": 14, "codename": "delete_partial"}}, {"model": "auth.permission", "pk": 56, "fields": {"name": "Can view partial", "content_type": 14, "codename": "view_partial"}}, {"model": "auth.permission", "pk": 57, "fields": {"name": "Can add activate site", "content_type": 15, "codename": "add_activatesite"}}, {"model": "auth.permission", "pk": 58, "fields": {"name": "Can change activate site", "content_type": 15, "codename": "change_activatesite"}}, {"model": "auth.permission", "pk": 59, "fields": {"name": "Can delete activate site", "content_type": 15, "codename": "delete_activatesite"}}, {"model": "auth.permission", "pk": 60, "fields": {"name": "Can view activate site", "content_type": 15, "codename": "view_activatesite"}}, {"model": "auth.permission", "pk": 61, "fields": {"name": "Can add activate site", "content_type": 16, "codename": "add_activatesite"}}, {"model": "auth.permission", "pk": 62, "fields": {"name": "Can change activate site", "content_type": 16, "codename": "change_activatesite"}}, {"model": "auth.permission", "pk": 63, "fields": {"name": "Can delete activate site", "content_type": 16, "codename": "delete_activatesite"}}, {"model": "auth.permission", "pk": 64, "fields": {"name": "Can view activate site", "content_type": 16, "codename": "view_activatesite"}}, {"model": "auth.user", "pk": 1, "fields": {"password": "pbkdf2_sha256$150000$x9aKKtQye7Xq$daiHvFlu01JJSQoilvpzLPGr3T6WjZH9QajXkUkQ9vc=", "last_login": "2019-08-30T10:36:23.515Z", "is_superuser": false, "username": "kristin", "first_name": "kyim6", "last_name": "", "email": "asdfsadfasdf@jhu.edu", "is_staff": false, "is_active": true, "date_joined": "2019-08-28T22:36:09.554Z", "groups": [], "user_permissions": []}}, {"model": "auth.user", "pk": 2, "fields": {"password": "pbkdf2_sha256$150000$tr0s75i5CjwC$E5+wgO7Go6OAoJLnEtnZWrPy1h7XzMZLg7/jADQS8J4=", "last_login": "2019-08-29T18:16:40.534Z", "is_superuser": true, "username": "kyim", "first_name": "", "last_name": "", "email": "kyim6@jhu.edu", "is_staff": true, "is_active": true, "date_joined": "2019-08-29T18:16:30.578Z", "groups": [], "user_permissions": []}}, {"model": "auth.user", "pk": 3, "fields": {"password": "!qnatIJVeTHy6aS2zbpbWsrsFqL1wZj6CnTJAlkjS", "last_login": "2019-08-29T19:11:14.022Z", "is_superuser": false, "username": "mboloix1", "first_name": "mboloix1", "last_name": "", "email": "fnjfgghm@jhu.edu", "is_staff": false, "is_active": true, "date_joined": "2019-08-29T19:11:13.995Z", "groups": [], "user_permissions": []}}, {"model": "auth.user", "pk": 4, "fields": {"password": "!H6aEzOGxxFrOa6CTdcFazqWxjB7IuA2T6iOspJQt", "last_login": "2019-08-29T19:59:08.436Z", "is_superuser": false, "username": "ntiwari5", "first_name": "ntiwari5", "last_name": "", "email": "sdf@jhu.edu", "is_staff": false, "is_active": true, "date_joined": "2019-08-29T19:59:08.413Z", "groups": [], "user_permissions": []}}, {"model": "sessions.session", "pk": "3gsqtt047eylhz3qqe2x6v779dd5wmzz", "fields": {"session_data": "NWQ4YTIyZTlhOGYyMzQ5MDJkMDNmZjBlNjkxODk2NDQzMjkwNGNhYjp7Il9hdXRoX3VzZXJfaWQiOiIxIiwiX2F1dGhfdXNlcl9iYWNrZW5kIjoiZGphbmdvLmNvbnRyaWIuYXV0aC5iYWNrZW5kcy5Nb2RlbEJhY2tlbmQiLCJfYXV0aF91c2VyX2hhc2giOiJiODI2NDgyZThhZjljNzMwMWFjMjFjNjFlN2VmOTU3ZmQ4NjEzNzQ0In0=", "expire_date": "2019-09-11T22:36:15.641Z"}}, {"model": "sessions.session", "pk": "d650b9vg25mzis2aqmvu5uwu1rj1n6rk", "fields": {"session_data": "NTA5MThhMjA1MmU3ZmM3ZTJlNjg1YzQ2YjViYmE1OTJhNmJhM2JlNjp7ImpodV9zdGF0ZSI6Im5hR2Y2MGJOUmx3dGlEam5pZnMwcWJ3RTVESEZJd3B0IiwiX2F1dGhfdXNlcl9pZCI6IjEiLCJfYXV0aF91c2VyX2JhY2tlbmQiOiJteXNpdGUuamh1LkpIVU9BdXRoMiIsIl9hdXRoX3VzZXJfaGFzaCI6ImI4MjY0ODJlOGFmOWM3MzAxYWMyMWM2MWU3ZWY5NTdmZDg2MTM3NDQiLCJzb2NpYWxfYXV0aF9sYXN0X2xvZ2luX2JhY2tlbmQiOiJqaHUifQ==", "expire_date": "2019-09-12T19:52:20.108Z"}}, {"model": "sessions.session", "pk": "efl9uosvlqrf10xebo0x4agsscxg2fiw", "fields": {"session_data": "MzdlMmVjZDZkODg1NzVkZmMzMzhkZmU4ZTU4ZjdkMDQyYmNhOWE3YTp7ImpodV9zdGF0ZSI6ImlST0k2UzB6SlhxUUJ2VEIyZml3SThvTWlERXdGWmMzIiwiX2F1dGhfdXNlcl9pZCI6IjEiLCJfYXV0aF91c2VyX2JhY2tlbmQiOiJteXNpdGUuamh1LkpIVU9BdXRoMiIsIl9hdXRoX3VzZXJfaGFzaCI6ImI4MjY0ODJlOGFmOWM3MzAxYWMyMWM2MWU3ZWY5NTdmZDg2MTM3NDQiLCJzb2NpYWxfYXV0aF9sYXN0X2xvZ2luX2JhY2tlbmQiOiJqaHUifQ==", "expire_date": "2019-09-12T17:50:35.455Z"}}, {"model": "sessions.session", "pk": "eqmvkdr89k39q50idg6cajrv67ahuxku", "fields": {"session_data": "NTgwYjdkZTI4MTBiNTMxOGQ2ZTRiNzk0ZDU2MWEyZWE4YWY1NDIxZTp7ImpodV9zdGF0ZSI6InlvNlFoU1JGaHdoOU1SVDNjNVFlZUtCUkpmR3hiRkF2IiwiX2F1dGhfdXNlcl9pZCI6IjEiLCJfYXV0aF91c2VyX2JhY2tlbmQiOiJteXNpdGUuamh1LkpIVU9BdXRoMiIsIl9hdXRoX3VzZXJfaGFzaCI6ImI4MjY0ODJlOGFmOWM3MzAxYWMyMWM2MWU3ZWY5NTdmZDg2MTM3NDQiLCJzb2NpYWxfYXV0aF9sYXN0X2xvZ2luX2JhY2tlbmQiOiJqaHUifQ==", "expire_date": "2019-09-13T03:32:57.280Z"}}, {"model": "sessions.session", "pk": "i4dz362liaorel46temdm2uqpisr5ljm", "fields": {"session_data": "OThhZmViNGNiZTU0NDViOWRkN2NiMjJkMTM1YzhkNmEwYzBmZDZkYzp7ImpodV9zdGF0ZSI6Ijg0WFBIeEIzYkQ1Z0FvNXNJdG0zaUl1UTFQdjJwY3p6IiwiX2F1dGhfdXNlcl9pZCI6IjEiLCJfYXV0aF91c2VyX2JhY2tlbmQiOiJteXNpdGUuamh1LkpIVU9BdXRoMiIsIl9hdXRoX3VzZXJfaGFzaCI6ImI4MjY0ODJlOGFmOWM3MzAxYWMyMWM2MWU3ZWY5NTdmZDg2MTM3NDQiLCJzb2NpYWxfYXV0aF9sYXN0X2xvZ2luX2JhY2tlbmQiOiJqaHUifQ==", "expire_date": "2019-09-13T10:36:23.521Z"}}, {"model": "sessions.session", "pk": "koled3cr1g52pitrxn0ohitw10jdr9ab", "fields": {"session_data": "ZDcxZjhjNGE1NmJjNWJmNTk0OWU2Mjg3MGMzMWVkZTRkN2U1ZTQ1MDp7ImpodV9zdGF0ZSI6Ik5qUmVUeGNDcVFHVml6cklCeXJFWXI1YXVJQndPWkhXIiwiX2F1dGhfdXNlcl9pZCI6IjQiLCJfYXV0aF91c2VyX2JhY2tlbmQiOiJteXNpdGUuamh1LkpIVU9BdXRoMiIsIl9hdXRoX3VzZXJfaGFzaCI6IjU5MTUzNDUxNDY0ZjU1MDA0MWQ0MDNlYmRjMmU4MzZhNmIzMmU5NDYiLCJzb2NpYWxfYXV0aF9sYXN0X2xvZ2luX2JhY2tlbmQiOiJqaHUifQ==", "expire_date": "2019-09-12T19:59:08.439Z"}}, {"model": "sessions.session", "pk": "odvhq8nv7uuevshyumc7yy72npqgb8iz", "fields": {"session_data": "ZDIwNzJmYjZiYWZlMTU0Mjk3YjUzOWVhN2UzYTQ2MmVjNDJjOGNjNTp7ImpodV9zdGF0ZSI6IlpEMUdtYWlpM0R4U2J4UDQwV1BvOGlVODFSTmxIWVJPIiwiX2F1dGhfdXNlcl9pZCI6IjEiLCJfYXV0aF91c2VyX2JhY2tlbmQiOiJteXNpdGUuamh1LkpIVU9BdXRoMiIsIl9hdXRoX3VzZXJfaGFzaCI6ImI4MjY0ODJlOGFmOWM3MzAxYWMyMWM2MWU3ZWY5NTdmZDg2MTM3NDQiLCJzb2NpYWxfYXV0aF9sYXN0X2xvZ2luX2JhY2tlbmQiOiJqaHUifQ==", "expire_date": "2019-09-12T17:55:34.999Z"}}, {"model": "sessions.session", "pk": "psxjxcm3nmk2koxbz8xgsbinkrdcktb7", "fields": {"session_data": "Mzk0MmI3ZjRhZWUwZjZjNmMzNDQ4ZGNkODgxMTlhYzFiYzlmNGI2MDp7ImpodV9zdGF0ZSI6IjRMdXliVUp4RjBXMnIwOUkwd0gxbzdmUDF1eE1FaEtGIiwiX2F1dGhfdXNlcl9pZCI6IjEiLCJfYXV0aF91c2VyX2JhY2tlbmQiOiJteXNpdGUuamh1LkpIVU9BdXRoMiIsIl9hdXRoX3VzZXJfaGFzaCI6ImI4MjY0ODJlOGFmOWM3MzAxYWMyMWM2MWU3ZWY5NTdmZDg2MTM3NDQiLCJzb2NpYWxfYXV0aF9sYXN0X2xvZ2luX2JhY2tlbmQiOiJqaHUifQ==", "expire_date": "2019-09-13T01:21:17.785Z"}}, {"model": "sessions.session", "pk": "qyti96w4tvy47q5m2n1vgiy2lyf1xmxg", "fields": {"session_data": "NTFhNTA0N2I3ZGUwNzY1MzA1ZTQwZTVkZDVkOWZlM2I5MjA1NGVlYzp7ImpodV9zdGF0ZSI6IjNXakRvdUVqRWhPNkxNMG5ndWppOGVXWjQ2RUJhb01LIiwiX2F1dGhfdXNlcl9pZCI6IjEiLCJfYXV0aF91c2VyX2JhY2tlbmQiOiJteXNpdGUuamh1LkpIVU9BdXRoMiIsIl9hdXRoX3VzZXJfaGFzaCI6ImI4MjY0ODJlOGFmOWM3MzAxYWMyMWM2MWU3ZWY5NTdmZDg2MTM3NDQiLCJzb2NpYWxfYXV0aF9sYXN0X2xvZ2luX2JhY2tlbmQiOiJqaHUifQ==", "expire_date": "2019-09-13T04:36:17.340Z"}}, {"model": "sessions.session", "pk": "snhndow0vrapney89snzyowirw8mpdsr", "fields": {"session_data": "NWJlMjA0MmJhOTZiNDJmOTJjNWJmOWQwNTE1NjdjMDBiNTAwMjg2ODp7ImpodV9zdGF0ZSI6InAxRzRyVlBzSGhOZHhMYk45VU9pM0tWR2ZmOE9YczBoIiwiX2F1dGhfdXNlcl9pZCI6IjEiLCJfYXV0aF91c2VyX2JhY2tlbmQiOiJteXNpdGUuamh1LkpIVU9BdXRoMiIsIl9hdXRoX3VzZXJfaGFzaCI6ImI4MjY0ODJlOGFmOWM3MzAxYWMyMWM2MWU3ZWY5NTdmZDg2MTM3NDQiLCJzb2NpYWxfYXV0aF9sYXN0X2xvZ2luX2JhY2tlbmQiOiJqaHUifQ==", "expire_date": "2019-09-13T01:38:09.118Z"}}, {"model": "sessions.session", "pk": "tacfaqqttqabrr223thd6xahzs1wlk2u", "fields": {"session_data": "Nzk1NDkzYjgyYTdlMTk5YzdiYTNiZjgwZTE1ZTE0YWQ4MTM1NTBhYTp7ImpodV9zdGF0ZSI6IkcwcUpYcmZsQTd6RzcxSFdHUGFhVWJheTFXSEZpa2sxIiwiX2F1dGhfdXNlcl9pZCI6IjMiLCJfYXV0aF91c2VyX2JhY2tlbmQiOiJteXNpdGUuamh1LkpIVU9BdXRoMiIsIl9hdXRoX3VzZXJfaGFzaCI6ImRhNGRlYzllZjJmYTMzYTM2OGJiOTg1NTQ5NjgxOTI1ZDFlMjAyNzciLCJzb2NpYWxfYXV0aF9sYXN0X2xvZ2luX2JhY2tlbmQiOiJqaHUifQ==", "expire_date": "2019-09-12T19:11:14.027Z"}}, {"model": "sessions.session", "pk": "tno4z0sztbi20gkd0k8vxdf4umr7ux0e", "fields": {"session_data": "NjE0ZDg1YTA5NTlkZmY3NTgyNjFlMDI1YTE2NDc1OGQ0NTcwMjhiNDp7Il9hdXRoX3VzZXJfaWQiOiIyIiwiX2F1dGhfdXNlcl9iYWNrZW5kIjoiZGphbmdvLmNvbnRyaWIuYXV0aC5iYWNrZW5kcy5Nb2RlbEJhY2tlbmQiLCJfYXV0aF91c2VyX2hhc2giOiJlOGZhNzJlYTU5NDc2NTFmYzJkOTRlOWM3MzY1MDdjOGQxMjdlOTdiIiwiamh1X3N0YXRlIjoialMwd3ZLdkp5NnF3S09SS1ZmdzZOWEVoalZ5MzBkUFIifQ==", "expire_date": "2019-09-12T18:26:34.097Z"}}, {"model": "sessions.session", "pk": "ui8iw9x5awn67wwhlpwus14pnofjs7gu", "fields": {"session_data": "ZmNkZTVhZTBjNDAzMWQzYzZhZWVkZDdiY2IyZGNmY2M3NDZhYTczNDp7ImpodV9zdGF0ZSI6ImdFUjN4bElwTG1xV3lGYnZuajhzbWdZYTBHalRQWThhIiwiX2F1dGhfdXNlcl9pZCI6IjEiLCJfYXV0aF91c2VyX2JhY2tlbmQiOiJteXNpdGUuamh1LkpIVU9BdXRoMiIsIl9hdXRoX3VzZXJfaGFzaCI6ImI4MjY0ODJlOGFmOWM3MzAxYWMyMWM2MWU3ZWY5NTdmZDg2MTM3NDQiLCJzb2NpYWxfYXV0aF9sYXN0X2xvZ2luX2JhY2tlbmQiOiJqaHUifQ==", "expire_date": "2019-09-13T01:35:48.471Z"}}, {"model": "social_django.usersocialauth", "pk": 1, "fields": {"user": 1, "provider": "jhu", "uid": "kyim6", "extra_data": "{\"id\": null, \"expires\": null, \"auth_time\": 1567161383, \"token_type\": \"access_token\", \"access_token\": \"eyJhbGciOiJIUzI1NiJ9.eyJzdWIiOiJreWltNiIsImF1ZCI6IlVJUyBEZW1vIiwic3ViamVjdCI6Imt5aW02Iiwicm9sZXMiOltdLCJzY29wZSI6WyJVSVMgRGVtbyJdLCJpc3MiOiJodHRwczpcL1wvc2xpZmUuamguZWR1IiwiZnVuY3Rpb25hbEFiaWxpdGllcyI6W10sInRva2VuX3R5cGUiOiJhY2Nlc3NfdG9rZW4iLCJleHAiOjE1NjcxNjMxODMsImlhdCI6MTU2NzE2MTM4MywiY2xpZW50X2lkIjoiYWQyZDBmOGQtMDkyMi00NDYzLTgxNjMtZTNhNzhjN2JhZGMwIiwiZW1haWwiOiJreWltNkBqaHUuZWR1In0.Gup90gTxJQ9QeeOHplAlhnuKMtAAFqmk6iqo3N8ISOA\"}"}}, {"model": "social_django.usersocialauth", "pk": 2, "fields": {"user": 3, "provider": "jhu", "uid": "mboloix1", "extra_data": "{\"id\": null, \"expires\": null, \"auth_time\": 1567106702, \"token_type\": \"access_token\", \"access_token\": \"eyJhbGciOiJIUzI1NiJ9.eyJzdWIiOiJtYm9sb2l4MSIsImF1ZCI6IlVJUyBEZW1vIiwic3ViamVjdCI6Im1ib2xvaXgxIiwicm9sZXMiOltdLCJzY29wZSI6WyJVSVMgRGVtbyJdLCJpc3MiOiJodHRwczpcL1wvc2xpZmUuamguZWR1IiwiZnVuY3Rpb25hbEFiaWxpdGllcyI6W10sInRva2VuX3R5cGUiOiJhY2Nlc3NfdG9rZW4iLCJleHAiOjE1NjcxMDg1MDIsImlhdCI6MTU2NzEwNjcwMiwiY2xpZW50X2lkIjoiYWQyZDBmOGQtMDkyMi00NDYzLTgxNjMtZTNhNzhjN2JhZGMwIiwiZW1haWwiOiJtYm9sb2l4MUBqaHUuZWR1In0.C9BYfWsmtd8AJtxcic5OFctHmb5YCdtbTOiFT-mPCnI\"}"}}, {"model": "social_django.usersocialauth", "pk": 3, "fields": {"user": 4, "provider": "jhu", "uid": "ntiwari5", "extra_data": "{\"id\": null, \"expires\": null, \"auth_time\": 1567108748, \"token_type\": \"access_token\", \"access_token\": \"eyJhbGciOiJIUzI1NiJ9.eyJzdWIiOiJudGl3YXJpNSIsImF1ZCI6IlVJUyBEZW1vIiwic3ViamVjdCI6Im50aXdhcmk1Iiwicm9sZXMiOltdLCJzY29wZSI6WyJVSVMgRGVtbyJdLCJpc3MiOiJodHRwczpcL1wvc2xpZmUuamguZWR1IiwiZnVuY3Rpb25hbEFiaWxpdGllcyI6W10sInRva2VuX3R5cGUiOiJhY2Nlc3NfdG9rZW4iLCJleHAiOjE1NjcxMTA1NDgsImlhdCI6MTU2NzEwODc0OCwiY2xpZW50X2lkIjoiYWQyZDBmOGQtMDkyMi00NDYzLTgxNjMtZTNhNzhjN2JhZGMwIiwiZW1haWwiOiJudGl3YXJpNUBqaHUuZWR1In0.dpiE_EdKsdW475xGwwdkJ5Pa3fvWfelalwDC_dPF-aE\"}"}}, {"model": "admin.logentry", "pk": 1, "fields": {"action_time": "2019-08-29T18:30:47.726Z", "user": 2, "content_type": 16, "object_id": "1", "object_repr": "ActivateSite object (1)", "action_flag": 2, "change_message": "[{\"changed\": {\"fields\": [\"activate\"]}}]"}}, {"model": "admin.logentry", "pk": 2, "fields": {"action_time": "2019-08-29T19:40:59.178Z", "user": 2, "content_type": 16, "object_id": "1", "object_repr": "ActivateSite object (1)", "action_flag": 2, "change_message": "[{\"changed\": {\"fields\": [\"activate\"]}}]"}}, {"model": "admin.logentry", "pk": 3, "fields": {"action_time": "2019-08-29T19:41:16.510Z", "user": 2, "content_type": 16, "object_id": "1", "object_repr": "ActivateSite object (1)", "action_flag": 2, "change_message": "[{\"changed\": {\"fields\": [\"activate\"]}}]"}}, {"model": "admin.logentry", "pk": 4, "fields": {"action_time": "2019-08-29T19:42:57.050Z", "user": 2, "content_type": 16, "object_id": "1", "object_repr": "ActivateSite object (1)", "action_flag": 2, "change_message": "[{\"changed\": {\"fields\": [\"activate\"]}}]"}}, {"model": "admin.logentry", "pk": 5, "fields": {"action_time": "2019-08-29T19:47:21.474Z", "user": 2, "content_type": 1, "object_id": "29", "object_repr": "Learning how to code with Professor Mia", "action_flag": 1, "change_message": "[{\"added\": {}}]"}}, {"model": "admin.logentry", "pk": 6, "fields": {"action_time": "2019-08-29T19:48:04.813Z", "user": 2, "content_type": 2, "object_id": "6", "object_repr": "Day: Tuesday, Time: 5:00 - 6:00", "action_flag": 1, "change_message": "[{\"added\": {}}]"}}, {"model": "admin.logentry", "pk": 7, "fields": {"action_time": "2019-08-29T19:48:19.259Z", "user": 2, "content_type": 16, "object_id": "1", "object_repr": "ActivateSite object (1)", "action_flag": 2, "change_message": "[{\"changed\": {\"fields\": [\"activate\"]}}]"}}, {"model": "admin.logentry", "pk": 8, "fields": {"action_time": "2019-08-29T19:51:09.835Z", "user": 2, "content_type": 16, "object_id": "1", "object_repr": "ActivateSite object (1)", "action_flag": 2, "change_message": "[{\"changed\": {\"fields\": [\"activate\"]}}]"}}, {"model": "admin.logentry", "pk": 9, "fields": {"action_time": "2019-08-29T19:51:26.833Z", "user": 2, "content_type": 16, "object_id": "1", "object_repr": "ActivateSite object (1)", "action_flag": 2, "change_message": "[{\"changed\": {\"fields\": [\"activate\"]}}]"}}, {"model": "admin.logentry", "pk": 10, "fields": {"action_time": "2019-08-30T11:01:14.486Z", "user": 2, "content_type": 1, "object_id": "30", "object_repr": "NEWWW class with Professor prof", "action_flag": 1, "change_message": "[{\"added\": {}}]"}}, {"model": "admin.logentry", "pk": 11, "fields": {"action_time": "2019-08-30T11:01:46.800Z", "user": 2, "content_type": 2, "object_id": "7", "object_repr": "Day: Thursday, Time: 5:00 - 6:00", "action_flag": 1, "change_message": "[{\"added\": {}}]"}}, {"model": "one.studentuser", "pk": 1, "fields": {"user": 1, "hopid": "asdfasdf", "jhed": "asdfsadfasdf", "major": "Undecided", "grad_year": "2023", "pre_health": true}}, {"model": "one.studentuser", "pk": 2, "fields": {"user": 3, "hopid": "fghf", "jhed": "fnjfgghm", "major": "Undecided", "grad_year": "2023", "pre_health": true}}, {"model": "one.studentuser", "pk": 3, "fields": {"user": 4, "hopid": "sdf", "jhed": "sdf", "major": "Archaeology", "grad_year": "2021", "pre_health": false}}]